-- MySQL dump 10.13  Distrib 5.5.29, for Win64 (x86)
--
-- Host: localhost    Database: silhouette
-- ------------------------------------------------------
-- Server version	5.5.29-log

/*!40101 SET @OLD_CHARACTER_SET_CLIENT=@@CHARACTER_SET_CLIENT */;
/*!40101 SET @OLD_CHARACTER_SET_RESULTS=@@CHARACTER_SET_RESULTS */;
/*!40101 SET @OLD_COLLATION_CONNECTION=@@COLLATION_CONNECTION */;
/*!40101 SET NAMES utf8 */;
/*!40103 SET @OLD_TIME_ZONE=@@TIME_ZONE */;
/*!40103 SET TIME_ZONE='+00:00' */;
/*!40014 SET @OLD_UNIQUE_CHECKS=@@UNIQUE_CHECKS, UNIQUE_CHECKS=0 */;
/*!40014 SET @OLD_FOREIGN_KEY_CHECKS=@@FOREIGN_KEY_CHECKS, FOREIGN_KEY_CHECKS=0 */;
/*!40101 SET @OLD_SQL_MODE=@@SQL_MODE, SQL_MODE='NO_AUTO_VALUE_ON_ZERO' */;
/*!40111 SET @OLD_SQL_NOTES=@@SQL_NOTES, SQL_NOTES=0 */;

--
-- Table structure for table `ambry`
--

DROP TABLE IF EXISTS `ambry`;
/*!40101 SET @saved_cs_client     = @@character_set_client */;
/*!40101 SET character_set_client = utf8 */;
CREATE TABLE `ambry` (
  `Id` int(11) NOT NULL AUTO_INCREMENT,
  `Name` varchar(45) NOT NULL,
  PRIMARY KEY (`Id`)
) ENGINE=InnoDB AUTO_INCREMENT=16 DEFAULT CHARSET=utf8;
/*!40101 SET character_set_client = @saved_cs_client */;

--
-- Dumping data for table `ambry`
--

LOCK TABLES `ambry` WRITE;
/*!40000 ALTER TABLE `ambry` DISABLE KEYS */;
INSERT INTO `ambry` VALUES (1,'1'),(2,'2'),(3,'3'),(4,'4'),(5,'5'),(6,'6'),(7,'7'),(8,'8'),(9,'9'),(10,'10'),(11,'11'),(12,'12'),(13,'13'),(14,'14'),(15,'15');
/*!40000 ALTER TABLE `ambry` ENABLE KEYS */;
UNLOCK TABLES;

--
-- Table structure for table `log`
--

DROP TABLE IF EXISTS `log`;
/*!40101 SET @saved_cs_client     = @@character_set_client */;
/*!40101 SET character_set_client = utf8 */;
CREATE TABLE `log` (
  `Id` int(11) NOT NULL AUTO_INCREMENT,
  `Date` datetime NOT NULL,
  `Message` varchar(500) NOT NULL,
  PRIMARY KEY (`Id`),
  UNIQUE KEY `Id_UNIQUE` (`Id`)
) ENGINE=InnoDB AUTO_INCREMENT=805 DEFAULT CHARSET=utf8;
/*!40101 SET character_set_client = @saved_cs_client */;

--
-- Dumping data for table `log`
--

LOCK TABLES `log` WRITE;
/*!40000 ALTER TABLE `log` DISABLE KEYS */;
INSERT INTO `log` VALUES (468,'2013-02-28 01:45:42','Запуск приложения'),(469,'2013-02-28 01:47:40','Запуск приложения'),(470,'2013-02-28 01:48:40','Запуск приложения'),(471,'2013-02-28 01:50:00','Запуск приложения'),(472,'2013-02-28 01:51:51','Клиент с ID [45] записан на 28.02.2013 8:00 Тренажер [Ролик].'),(473,'2013-02-28 01:51:58','Клиент с ID [45] записан на 28.02.2013 11:00 Тренажер [ИК тепло].'),(474,'2013-02-28 01:52:01','Клиент с ID [45] записан на 28.02.2013 11:30 Тренажер [Эллипсоид].'),(475,'2013-02-28 01:52:07','Клиент с ID [45] записан на 28.02.2013 19:00 Тренажер [ИК тепло].'),(476,'2013-02-28 01:52:49','Вывод на печать расписания для клиента с ID [45] за дату 28.02.2013'),(477,'2013-02-28 01:53:10','С абонемента №001 списано 4.0 занятий'),(478,'2013-02-28 00:56:26','Запуск приложения'),(479,'2013-02-28 02:04:58','Запуск приложения'),(480,'2013-02-28 02:05:27','Запуск приложения'),(481,'2013-02-28 01:06:27','Запуск приложения'),(482,'2013-02-28 02:07:08','Запуск приложения'),(483,'2013-02-28 01:08:03','Запуск приложения'),(484,'2013-02-28 08:03:28','Запуск приложения'),(485,'2013-02-28 08:33:57','Клиент с ID [45] записан на 28.02.2013 8:30 Тренажер [Прессотерапия].'),(486,'2013-02-28 08:34:04','Клиент с ID [45] записан на 28.02.2013 9:00 Тренажер [Ролик].'),(487,'2013-02-28 08:34:06','Клиент с ID [45] записан на 28.02.2013 9:30 Тренажер [Прессотерапия].'),(488,'2013-02-28 08:34:09','Клиент с ID [45] записан на 28.02.2013 10:00 Тренажер [ИК тепло].'),(489,'2013-02-28 08:34:18','Занятие клиента с ID [45] 28.02.2013 11:00 Тренажер [ИК тепло] отменено.'),(490,'2013-02-28 08:34:23','Занятие клиента с ID [45] 28.02.2013 10:00 Тренажер [ИК тепло] отменено.'),(491,'2013-02-28 08:34:24','Клиент с ID [45] записан на 28.02.2013 10:00 Тренажер [ИК тепло].'),(492,'2013-02-28 08:37:05','Клиент с ID [46] записан на 28.02.2013 11:00 Тренажер [Эллипсоид].'),(493,'2013-02-28 08:37:07','Клиент с ID [46] записан на 28.02.2013 12:30 Тренажер [Эллипсоид].'),(494,'2013-02-28 12:01:08','Запуск приложения'),(495,'2013-02-28 12:01:34','С абонемента №001 списано 7.0 занятий'),(496,'2013-02-28 12:05:41','Клиент с ID [47] записан на 28.02.2013 8:00 Тренажер [Беговая дорожка].'),(497,'2013-02-28 12:20:24','Запуск приложения'),(498,'2013-02-28 12:21:30','Клиент с ID [45] записан на 28.02.2013 9:00 Тренажер [Беговая дорожка].'),(499,'2013-02-28 12:22:13','Занятие клиента с ID [45] 28.02.2013 8:00 Тренажер [Ролик] отменено.'),(500,'2013-02-28 12:22:37','С абонемента №001 списано 7.0 занятий'),(501,'2013-02-28 12:23:34','С абонемента №001 списано 6.0 занятий'),(502,'2013-02-28 13:28:26','Запуск приложения'),(503,'2013-02-28 13:28:46','С абонемента №001 списано 7.0 занятий'),(504,'2013-02-28 13:28:53','С абонемента №001 списано 6.5 занятий'),(505,'2013-02-28 13:29:02','С абонемента №001 списано 6.5 занятий'),(506,'2013-02-28 13:29:07','С абонемента №001 списано 7.0 занятий'),(507,'2013-02-28 13:29:51','С абонемента №001 списано 1.5 занятий в подарок для клиента с ID [46]'),(508,'2013-02-28 13:30:43','Запуск приложения'),(509,'2013-02-28 12:34:27','Запуск приложения'),(510,'2013-02-28 19:41:35','Запуск приложения'),(511,'2013-02-28 21:05:17','Запуск приложения'),(512,'2013-02-28 21:28:01','Запуск приложения'),(513,'2013-02-28 22:47:51','Запуск приложения'),(514,'2013-02-28 22:52:21','Запуск приложения'),(515,'2013-02-28 22:55:21','Запуск приложения'),(516,'2013-02-28 22:57:42','Запуск приложения'),(517,'2013-02-28 23:01:29','Запуск приложения'),(518,'2013-02-28 23:02:18','Запуск приложения'),(519,'2013-02-28 22:02:42','Запуск приложения'),(520,'2013-02-28 23:03:45','Запуск приложения'),(521,'2013-02-28 23:06:48','Запуск приложения'),(522,'2013-02-28 23:07:44','Запуск приложения'),(523,'2013-03-01 07:19:34','Запуск приложения'),(524,'2013-03-01 07:21:37','Запуск приложения'),(525,'2013-03-01 07:22:13','Запуск приложения'),(526,'2013-03-01 06:26:16','Запуск приложения'),(527,'2013-03-01 07:27:58','Запуск приложения'),(528,'2013-03-01 07:31:07','Запуск приложения'),(529,'2013-03-01 07:33:00','Запуск приложения'),(530,'2013-03-01 07:33:38','Запуск приложения'),(531,'2013-03-01 07:33:55','Запуск приложения'),(532,'2013-03-01 07:34:31','Запуск приложения'),(533,'2013-03-01 07:35:50','Запуск приложения'),(534,'2013-03-01 06:39:49','Запуск приложения'),(535,'2013-03-01 07:42:09','Запуск приложения'),(536,'2013-03-01 07:50:47','Запуск приложения'),(537,'2013-03-01 07:51:31','Запуск приложения'),(538,'2013-03-01 08:10:51','Запуск приложения'),(539,'2013-03-01 08:15:24','Клиент с ID [53] записан на 01.03.2013 8:00 Тренажер [Ролик 1].'),(540,'2013-03-01 08:15:27','Клиент с ID [53] записан на 01.03.2013 9:00 Тренажер [Массажная кровать 1].'),(541,'2013-03-01 08:15:29','Клиент с ID [53] записан на 01.03.2013 9:30 Тренажер [Массажная кровать 2].'),(542,'2013-03-01 08:15:32','Клиент с ID [53] записан на 01.03.2013 8:00 Тренажер [Массажная кровать 2].'),(543,'2013-03-01 08:23:11','Запуск приложения'),(544,'2013-03-01 08:23:31','Клиент с ID [53] записан на 01.03.2013 8:00 Тренажер [Прессотерапия].'),(545,'2013-03-01 08:23:32','Клиент с ID [53] записан на 01.03.2013 8:30 Тренажер [Прессотерапия].'),(546,'2013-03-01 08:23:34','Клиент с ID [53] записан на 01.03.2013 9:30 Тренажер [Прессотерапия].'),(547,'2013-03-01 08:23:35','Клиент с ID [53] записан на 01.03.2013 9:30 Тренажер [Эллипсоид].'),(548,'2013-03-01 08:23:37','Клиент с ID [53] записан на 01.03.2013 8:00 Тренажер [Эллипсоид].'),(549,'2013-03-01 08:23:38','Клиент с ID [53] записан на 01.03.2013 8:30 Тренажер [Велоэргометр].'),(550,'2013-03-01 08:23:39','Клиент с ID [53] записан на 01.03.2013 8:00 Тренажер [ИК тепло].'),(551,'2013-03-01 08:23:41','Клиент с ID [53] записан на 01.03.2013 10:00 Тренажер [ИК тепло].'),(552,'2013-03-01 08:23:42','Клиент с ID [53] записан на 01.03.2013 10:00 Тренажер [Массажер для ног].'),(553,'2013-03-01 08:23:44','Клиент с ID [53] записан на 01.03.2013 10:00 Тренажер [Велоэргометр].'),(554,'2013-03-01 08:23:47','Клиент с ID [53] записан на 01.03.2013 9:00 Тренажер [Варежки].'),(555,'2013-03-01 08:23:48','Клиент с ID [53] записан на 01.03.2013 9:00 Тренажер [Массажер для ног].'),(556,'2013-03-01 08:23:50','Клиент с ID [53] записан на 01.03.2013 8:30 Тренажер [Массажная кровать 2].'),(557,'2013-03-01 08:23:51','Клиент с ID [53] записан на 01.03.2013 9:00 Тренажер [Массажная кровать 2].'),(558,'2013-03-01 08:23:53','Клиент с ID [53] записан на 01.03.2013 8:30 Тренажер [Виброплатформа].'),(559,'2013-03-01 08:23:55','Клиент с ID [53] записан на 01.03.2013 8:00 Тренажер [Массажная кровать 1].'),(560,'2013-03-01 08:23:59','Клиент с ID [53] записан на 01.03.2013 10:30 Тренажер [Массажная кровать 2].'),(561,'2013-03-01 08:24:00','Клиент с ID [53] записан на 01.03.2013 10:30 Тренажер [Эллипсоид].'),(562,'2013-03-01 08:24:02','Клиент с ID [53] записан на 01.03.2013 10:30 Тренажер [Велоэргометр].'),(563,'2013-03-01 08:24:03','Клиент с ID [53] записан на 01.03.2013 11:00 Тренажер [ИК тепло].'),(564,'2013-03-01 08:24:04','Клиент с ID [53] записан на 01.03.2013 11:00 Тренажер [Ролик 1].'),(565,'2013-03-01 08:24:06','Клиент с ID [53] записан на 01.03.2013 12:00 Тренажер [Ролик 1].'),(566,'2013-03-01 08:24:09','Клиент с ID [53] записан на 01.03.2013 12:00 Тренажер [Эллипсоид].'),(567,'2013-03-01 08:24:10','Клиент с ID [53] записан на 01.03.2013 11:30 Тренажер [Эллипсоид].'),(568,'2013-03-01 08:24:11','Клиент с ID [53] записан на 01.03.2013 11:30 Тренажер [Массажная кровать 2].'),(569,'2013-03-01 08:24:13','Клиент с ID [53] записан на 01.03.2013 11:30 Тренажер [Ролик 2].'),(570,'2013-03-01 08:24:14','Клиент с ID [53] записан на 01.03.2013 11:30 Тренажер [Массажер для ног].'),(571,'2013-03-01 08:24:16','Клиент с ID [53] записан на 01.03.2013 12:30 Тренажер [Беговая дорожка].'),(572,'2013-03-01 08:24:17','Клиент с ID [53] записан на 01.03.2013 13:00 Тренажер [ИК тепло].'),(573,'2013-03-01 08:24:19','Клиент с ID [53] записан на 01.03.2013 13:30 Тренажер [Ролик 1].'),(574,'2013-03-01 08:24:22','Клиент с ID [53] записан на 01.03.2013 13:30 Тренажер [Беговая дорожка].'),(575,'2013-03-01 08:24:23','Клиент с ID [53] записан на 01.03.2013 13:00 Тренажер [Массажная кровать 2].'),(576,'2013-03-01 08:24:24','Клиент с ID [53] записан на 01.03.2013 14:00 Тренажер [Массажная кровать 2].'),(577,'2013-03-01 08:24:26','Клиент с ID [53] записан на 01.03.2013 12:00 Тренажер [Массажная кровать 2].'),(578,'2013-03-01 08:24:28','Клиент с ID [53] записан на 01.03.2013 14:30 Тренажер [Беговая дорожка].'),(579,'2013-03-01 08:24:29','Клиент с ID [53] записан на 01.03.2013 14:00 Тренажер [ИК тепло].'),(580,'2013-03-01 08:24:30','Клиент с ID [53] записан на 01.03.2013 14:30 Тренажер [Ролик 1].'),(581,'2013-03-01 08:24:33','Клиент с ID [53] записан на 01.03.2013 15:30 Тренажер [Эллипсоид].'),(582,'2013-03-01 08:24:34','Клиент с ID [53] записан на 01.03.2013 15:30 Тренажер [Массажная кровать 2].'),(583,'2013-03-01 08:24:36','Клиент с ID [53] записан на 01.03.2013 15:00 Тренажер [Массажная кровать 2].'),(584,'2013-03-01 08:24:37','Клиент с ID [53] записан на 01.03.2013 14:30 Тренажер [Массажная кровать 2].'),(585,'2013-03-01 08:24:39','Клиент с ID [53] записан на 01.03.2013 16:00 Тренажер [Эллипсоид].'),(586,'2013-03-01 08:24:40','Клиент с ID [53] записан на 01.03.2013 16:00 Тренажер [ИК тепло].'),(587,'2013-03-01 08:24:44','Клиент с ID [53] записан на 01.03.2013 18:00 Тренажер [ИК тепло].'),(588,'2013-03-01 08:24:45','Клиент с ID [53] записан на 01.03.2013 18:00 Тренажер [Ролик 1].'),(589,'2013-03-01 08:24:46','Клиент с ID [53] записан на 01.03.2013 17:30 Тренажер [Массажная кровать 2].'),(590,'2013-03-01 08:24:48','Клиент с ID [53] записан на 01.03.2013 16:30 Тренажер [Массажная кровать 2].'),(591,'2013-03-01 08:24:49','Клиент с ID [53] записан на 01.03.2013 16:00 Тренажер [Ролик 2].'),(592,'2013-03-01 08:24:50','Клиент с ID [53] записан на 01.03.2013 16:15 Тренажер [Массажер для ног].'),(593,'2013-03-01 08:24:52','Клиент с ID [53] записан на 01.03.2013 17:45 Тренажер [Массажер для ног].'),(594,'2013-03-01 08:24:53','Клиент с ID [53] записан на 01.03.2013 18:00 Тренажер [Эллипсоид].'),(595,'2013-03-01 08:24:55','Клиент с ID [53] записан на 01.03.2013 17:00 Тренажер [Беговая дорожка].'),(596,'2013-03-01 08:24:56','Клиент с ID [53] записан на 01.03.2013 16:30 Тренажер [Велоэргометр].'),(597,'2013-03-01 08:24:57','Клиент с ID [53] записан на 01.03.2013 16:30 Тренажер [Ролик 1].'),(598,'2013-03-01 08:25:01','Клиент с ID [53] записан на 01.03.2013 19:00 Тренажер [Ролик 2].'),(599,'2013-03-01 08:25:02','Клиент с ID [53] записан на 01.03.2013 18:30 Тренажер [Массажная кровать 2].'),(600,'2013-03-01 08:25:03','Клиент с ID [53] записан на 01.03.2013 18:00 Тренажер [Ролик 2].'),(601,'2013-03-01 08:25:05','Клиент с ID [53] записан на 01.03.2013 18:30 Тренажер [Массажер для ног].'),(602,'2013-03-01 08:25:06','Клиент с ID [53] записан на 01.03.2013 18:30 Тренажер [Беговая дорожка].'),(603,'2013-03-01 08:25:08','Клиент с ID [53] записан на 01.03.2013 20:00 Тренажер [Ролик 2].'),(604,'2013-03-01 08:25:09','Клиент с ID [53] записан на 01.03.2013 20:30 Тренажер [Ролик 2].'),(605,'2013-03-01 08:25:10','Клиент с ID [53] записан на 01.03.2013 20:00 Тренажер [Беговая дорожка].'),(606,'2013-03-01 08:25:11','Клиент с ID [53] записан на 01.03.2013 20:00 Тренажер [ИК тепло].'),(607,'2013-03-01 08:25:13','Клиент с ID [53] записан на 01.03.2013 19:30 Тренажер [Ролик 1].'),(608,'2013-03-01 08:25:16','Клиент с ID [53] записан на 01.03.2013 21:00 Тренажер [Велоэргометр].'),(609,'2013-03-01 08:25:18','Клиент с ID [53] записан на 01.03.2013 21:00 Тренажер [ИК тепло].'),(610,'2013-03-01 08:25:19','Клиент с ID [53] записан на 01.03.2013 21:30 Тренажер [Ролик 1].'),(611,'2013-03-01 08:25:20','Клиент с ID [53] записан на 01.03.2013 21:30 Тренажер [Ролик 2].'),(612,'2013-03-01 08:25:21','Клиент с ID [53] записан на 01.03.2013 21:30 Тренажер [Массажная кровать 2].'),(613,'2013-03-01 08:25:23','Клиент с ID [53] записан на 01.03.2013 19:30 Тренажер [Очки].'),(614,'2013-03-01 08:25:24','Клиент с ID [53] записан на 01.03.2013 19:30 Тренажер [Массажная кровать 2].'),(615,'2013-03-01 08:25:26','Клиент с ID [53] записан на 01.03.2013 19:00 Тренажер [Беговая дорожка].'),(616,'2013-03-01 08:25:27','Клиент с ID [53] записан на 01.03.2013 19:00 Тренажер [ИК тепло].'),(617,'2013-03-01 08:34:38','Запуск приложения'),(618,'2013-03-01 08:35:49','Клиент с ID [53] записан на 01.03.2013 8:00 Тренажер [Ролик 1].'),(619,'2013-03-01 08:35:52','Клиент с ID [53] записан на 01.03.2013 8:00 Тренажер [Ролик 2].'),(620,'2013-03-01 08:53:40','Клиент с ID [53] записан на 01.03.2013 8:00 Тренажер [Массажная кровать 1].'),(621,'2013-03-01 07:56:07','Запуск приложения'),(622,'2013-03-01 08:09:54','Запуск приложения'),(623,'2013-03-01 09:11:51','Запуск приложения'),(624,'2013-03-01 08:22:40','Запуск приложения'),(625,'2013-03-01 08:24:17','Запуск приложения'),(626,'2013-03-01 17:59:07','Запуск приложения'),(627,'2013-03-01 19:05:03','Запуск приложения'),(628,'2013-03-01 19:07:08','Запуск приложения'),(629,'2013-03-01 19:12:54','Запуск приложения'),(630,'2013-03-01 18:19:28','Запуск приложения'),(631,'2013-03-02 16:29:08','Запуск приложения'),(632,'2013-03-02 16:30:47','Запуск приложения'),(633,'2013-03-02 16:31:59','Запуск приложения'),(634,'2013-03-02 16:33:06','Запуск приложения'),(635,'2013-03-02 22:49:11','Запуск приложения'),(636,'2013-03-02 23:41:52','Запуск приложения'),(637,'2013-03-03 00:50:13','Запуск приложения'),(638,'2013-03-03 00:53:37','Запуск приложения'),(639,'2013-03-03 01:05:48','Запуск приложения'),(640,'2013-03-03 10:15:29','Запуск приложения'),(641,'2013-03-03 10:36:30','Запуск приложения'),(642,'2013-03-03 10:37:43','Запуск приложения'),(643,'2013-03-03 10:45:29','Запуск приложения'),(644,'2013-03-03 11:05:56','Запуск приложения'),(645,'2013-03-03 11:17:25','Запуск приложения'),(646,'2013-03-03 11:19:59','Запуск приложения'),(647,'2013-03-03 12:01:05','Запуск приложения'),(648,'2013-03-03 12:06:06','Запуск приложения'),(649,'2013-03-03 12:34:28','Запуск приложения'),(650,'2013-03-03 12:36:59','Запуск приложения'),(651,'2013-03-03 12:37:53','Запуск приложения'),(652,'2013-03-03 12:43:24','Запуск приложения'),(653,'2013-03-03 13:00:45','Запуск приложения'),(654,'2013-03-03 13:03:56','Запуск приложения'),(655,'2013-03-03 13:08:42','Запуск приложения'),(656,'2013-03-03 13:30:33','Запуск приложения'),(657,'2013-03-03 13:30:53','Запуск приложения'),(658,'2013-03-03 13:31:08','Вывод на печать расписания для клиента с ID [76] за дату 03.03.2013'),(659,'2013-03-03 13:32:13','Клиент с ID [76] записан на 03.03.2013 8:00 Тренажер [Прессотерапия].'),(660,'2013-03-03 13:32:23','Вывод на печать расписания для клиента с ID [76] за дату 03.03.2013'),(661,'2013-03-03 13:33:38','Вывод на печать расписания для клиента с ID [76] за дату 03.03.2013'),(662,'2013-03-03 13:34:01','Клиент с ID [73] записан на 03.03.2013 9:00 Тренажер [Велоэргометр].'),(663,'2013-03-03 13:34:10','Вывод на печать расписания для клиента с ID [73] за дату 03.03.2013'),(664,'2013-03-03 14:15:09','Запуск приложения'),(665,'2013-03-03 14:15:35','С абонемента №234 списано 1.0 занятий'),(666,'2013-03-03 14:16:07','С абонемента №234 списано 1.0 занятий'),(667,'2013-03-03 14:24:04','Запуск приложения'),(668,'2013-03-03 14:27:00','Запуск приложения'),(669,'2013-03-03 14:39:05','Запуск приложения'),(670,'2013-03-03 14:39:19','Клиент с ID [76] записан на 03.03.2013 8:00 Тренажер [Эллипсоид].'),(671,'2013-03-03 14:39:21','Клиент с ID [76] записан на 03.03.2013 8:45 Тренажер [Очки].'),(672,'2013-03-03 14:39:30','Клиент с ID [76] записан на 03.03.2013 10:00 Тренажер [ИК тепло].'),(673,'2013-03-03 14:39:51','Клиент с ID [76] записан на 03.03.2013 8:30 Тренажер [Ролик 2].'),(674,'2013-03-03 14:44:35','Запуск приложения'),(675,'2013-03-03 14:49:06','Запуск приложения'),(676,'2013-03-03 14:53:15','Занятие клиента с ID [76] 03.03.2013 8:45 Тренажер [Очки] отменено.'),(677,'2013-03-03 14:56:20','Клиент с ID [77] записан на 03.03.2013 8:30 Тренажер [Велоэргометр].'),(678,'2013-03-03 14:56:22','Клиент с ID [77] записан на 03.03.2013 9:00 Тренажер [ИК тепло].'),(679,'2013-03-03 13:58:43','Запуск приложения'),(680,'2013-03-03 15:05:27','Запуск приложения'),(681,'2013-03-03 14:05:38','Запуск приложения'),(682,'2013-03-03 14:06:06','С абонемента №12312 списано 4.0 занятий'),(683,'2013-03-03 15:18:19','Запуск приложения'),(684,'2013-03-03 15:18:49','Запуск приложения'),(685,'2013-03-03 15:30:10','Запуск приложения'),(686,'2013-03-03 15:39:36','Запуск приложения'),(687,'2013-03-03 15:43:22','Запуск приложения'),(688,'2013-03-03 16:29:32','Запуск приложения'),(689,'2013-03-03 16:41:07','Вывод на печать расписания для клиента с ID [76] за дату 03.03.2013'),(690,'2013-03-03 16:45:43','Запуск приложения'),(691,'2013-03-03 17:06:52','Запуск приложения'),(692,'2013-03-03 17:35:45','Запуск приложения'),(693,'2013-03-03 16:47:18','Запуск приложения'),(694,'2013-03-03 18:01:44','Запуск приложения'),(695,'2013-03-03 18:04:44','Запуск приложения'),(696,'2013-03-03 18:05:59','Запуск приложения'),(697,'2013-03-03 18:18:22','Запуск приложения'),(698,'2013-03-03 18:20:43','Запуск приложения'),(699,'2013-03-03 18:26:45','Запуск приложения'),(700,'2013-03-03 18:45:37','Запуск приложения'),(701,'2013-03-03 18:47:35','Запуск приложения'),(702,'2013-03-03 18:48:38','Клиент с ID [76] записан на 01.03.2013 8:00 Тренажер [Ролик 1].'),(703,'2013-03-03 17:51:57','Запуск приложения'),(704,'2013-03-03 19:01:50','Запуск приложения'),(705,'2013-03-03 19:06:40','Запуск приложения'),(706,'2013-03-03 19:09:57','Запуск приложения'),(707,'2013-03-03 19:10:13','Клиент с ID [76] записан на 03.03.2013 8:30 Тренажер [Ролик 1].'),(708,'2013-03-03 19:11:00','Клиент с ID [76] записан на 03.03.2013 9:00 Тренажер [Ролик 1].'),(709,'2013-03-03 19:18:07','Запуск приложения'),(710,'2013-03-03 19:18:43','С абонемента №12312 списано 6.0 занятий'),(711,'2013-03-03 19:19:37','Клиент с ID [76] записан на 03.03.2013 8:00 Тренажер [Прессотерапия].'),(712,'2013-03-03 19:19:39','Клиент с ID [76] записан на 03.03.2013 9:00 Тренажер [Массажная кровать 1].'),(713,'2013-03-03 19:19:41','Клиент с ID [76] записан на 03.03.2013 10:00 Тренажер [Ролик 2].'),(714,'2013-03-03 19:19:43','Клиент с ID [76] записан на 03.03.2013 10:00 Тренажер [ИК тепло].'),(715,'2013-03-03 19:20:01','С абонемента №12312 списано 4.0 занятий'),(716,'2013-03-03 19:34:55','Запуск приложения'),(717,'2013-03-03 19:38:58','Запуск приложения'),(718,'2013-03-03 19:44:29','С абонемента №12312 списано 4.0 занятий'),(719,'2013-03-03 20:00:15','Запуск приложения'),(720,'2013-03-03 20:05:16','Запуск приложения'),(721,'2013-03-03 20:06:21','Запуск приложения'),(722,'2013-03-03 20:07:27','Запуск приложения'),(723,'2013-03-03 20:09:01','Запуск приложения'),(724,'2013-03-03 20:10:03','Занятие клиента с ID [76] 03.03.2013 10:00 Тренажер [ИК тепло] отменено.'),(725,'2013-03-03 20:10:06','Занятие клиента с ID [76] 03.03.2013 10:00 Тренажер [Ролик 2] отменено.'),(726,'2013-03-03 20:12:09','Запуск приложения'),(727,'2013-03-03 19:19:21','Запуск приложения'),(728,'2013-03-03 20:25:07','Запуск приложения'),(729,'2013-03-03 20:25:32','Клиент с ID [73] записан на 03.03.2013 8:00 Тренажер [Массажная кровать 1].'),(730,'2013-03-03 20:25:34','С абонемента № списано 1.0 занятий'),(731,'2013-03-03 20:29:41','Запуск приложения'),(732,'2013-03-03 19:31:50','Запуск приложения'),(733,'2013-03-03 19:39:45','Запуск приложения'),(734,'2013-03-03 19:40:38','Клиент с ID [78] записан на 03.03.2013 9:30 Тренажер [Эллипсоид].'),(735,'2013-03-03 19:40:41','Клиент с ID [78] записан на 03.03.2013 10:00 Тренажер [ИК тепло].'),(736,'2013-03-03 20:28:40','Запуск приложения'),(737,'2013-03-03 21:40:24','Запуск приложения'),(738,'2013-03-03 21:41:25','Клиент с ID [76] записан на 04.03.2013 8:00 Тренажер [ИК тепло].'),(739,'2013-03-03 22:04:50','Запуск приложения'),(740,'2013-03-03 22:05:12','Клиент с ID [76] записан на 03.03.2013 9:00 Тренажер [ИК тепло].'),(741,'2013-03-03 22:05:14','Клиент с ID [76] записан на 03.03.2013 9:30 Тренажер [ИК тепло].'),(742,'2013-03-03 22:05:40','Вывод на печать расписания для клиента с ID [76] за дату 03.03.2013'),(743,'2013-03-03 22:06:07','С абонемента №12312 списано 3.0 занятий'),(744,'2013-03-04 21:51:46','Запуск приложения'),(745,'2013-04-28 10:26:22','Запуск приложения'),(746,'2013-12-08 09:17:05','Запуск приложения'),(747,'2013-12-08 09:32:36','Запуск приложения'),(748,'2013-12-08 09:33:12','Клиент с ID [73] записан на 08.12.2013 9:00 Тренажер [Ролик 1].'),(749,'2013-12-08 11:18:50','Запуск приложения'),(750,'2013-12-08 11:24:06','Запуск приложения'),(751,'2013-12-08 11:24:40','Клиент с ID [73] записан на 08.12.2013 8:00 Тренажер [Виброплатформа].'),(752,'2013-12-08 11:24:48','Клиент с ID [75] записан на 08.12.2013 8:15 Тренажер [Виброплатформа].'),(753,'2013-12-08 11:24:56','Клиент с ID [74] записан на 08.12.2013 8:30 Тренажер [Виброплатформа].'),(754,'2013-12-08 11:25:02','Клиент с ID [78] записан на 08.12.2013 8:45 Тренажер [Виброплатформа].'),(755,'2013-12-08 11:55:31','Запуск приложения'),(756,'2013-12-08 11:57:17','Запуск приложения'),(757,'2013-12-08 11:58:42','Запуск приложения'),(758,'2013-12-08 11:59:31','Запуск приложения'),(759,'2013-12-08 12:00:28','Запуск приложения'),(760,'2013-12-08 12:01:51','Запуск приложения'),(761,'2013-12-08 12:03:31','Вывод на печать расписания для клиента с ID [75] за дату 08.12.2013'),(762,'2013-12-08 12:06:43','Запуск приложения'),(763,'2013-12-08 12:14:08','Занятие клиента с ID [73] 08.12.2013 9:00 Тренажер [Ролик 1] отменено.'),(764,'2013-12-08 12:18:33','Вывод на печать расписания для клиента с ID [75] за дату 08.12.2013'),(765,'2013-12-08 12:19:22','С абонемента №null списано 1.0 занятий'),(766,'2013-12-08 12:27:17','Запуск приложения'),(767,'2013-12-08 12:27:53','Занятие клиента с ID [74] 08.12.2013 8:30 Тренажер [Виброплатформа] отменено.'),(768,'2013-12-08 12:28:14','Занятие клиента с ID [73] 08.12.2013 8:00 Тренажер [Виброплатформа] отменено.'),(769,'2013-12-08 12:30:39','Запуск приложения'),(770,'2013-12-08 12:58:04','Запуск приложения'),(771,'2013-12-08 13:00:00','Запуск приложения'),(772,'2013-12-08 13:01:02','Запуск приложения'),(773,'2013-12-08 13:03:35','Запуск приложения'),(774,'2013-12-08 13:11:22','Запуск приложения'),(775,'2013-12-08 13:11:58','Запуск приложения'),(776,'2013-12-08 13:13:14','Запуск приложения'),(777,'2013-12-08 13:20:03','Запуск приложения'),(778,'2013-12-08 13:24:23','Запуск приложения'),(779,'2013-12-08 13:26:22','Запуск приложения'),(780,'2013-12-08 13:27:50','Запуск приложения'),(781,'2013-12-08 15:12:04','Запуск приложения'),(782,'2015-02-26 00:26:36','Запуск приложения'),(783,'2015-03-01 15:42:23','Запуск приложения'),(784,'2015-03-04 22:56:55','Запуск приложения'),(785,'2015-03-04 23:20:18','Клиент с ID [76] записан на 04.03.2015 10:30 Тренажер [Ролик 1].'),(786,'2015-03-04 23:20:31','С абонемента №12312 списано 1.0 занятий'),(787,'2015-03-04 23:24:30','С абонемента №12312 списано 1.0 занятий'),(788,'2015-03-09 16:01:11','Запуск приложения'),(789,'2015-03-09 16:12:37','Клиент с ID [81] записан на 09.03.2015 8:00 Тренажер [Ролик 1].'),(790,'2015-03-09 16:12:45','Клиент с ID [81] записан на 09.03.2015 8:30 Тренажер [Прессотерапия].'),(791,'2015-03-09 16:12:58','Клиент с ID [81] записан на 09.03.2015 9:00 Тренажер [ИК тепло].'),(792,'2015-03-09 16:13:10','Клиент с ID [81] записан на 09.03.2015 9:30 Тренажер [Массажная кровать 1].'),(793,'2015-03-09 16:13:21','Клиент с ID [81] записан на 09.03.2015 10:00 Тренажер [Велоэргометр].'),(794,'2015-03-09 16:13:34','Клиент с ID [81] записан на 09.03.2015 10:30 Тренажер [Беговая дорожка].'),(795,'2015-03-09 16:14:06','Клиент с ID [81] записан на 09.03.2015 11:00 Тренажер [Эллипсоид].'),(796,'2015-03-09 16:14:36','Клиент с ID [81] записан на 09.03.2015 11:30 Тренажер [Виброплатформа].'),(797,'2015-03-09 16:14:48','Клиент с ID [81] записан на 09.03.2015 11:45 Тренажер [Массажер для ног].'),(798,'2015-03-09 16:15:05','Клиент с ID [81] записан на 09.03.2015 12:00 Тренажер [Очки].'),(799,'2015-03-09 16:15:20','Клиент с ID [81] записан на 09.03.2015 12:15 Тренажер [Варежки].'),(800,'2015-03-09 16:15:34','Клиент с ID [81] записан на 09.03.2015 12:30 Тренажер [Ролик 2].'),(801,'2015-03-09 16:15:45','Клиент с ID [81] записан на 09.03.2015 13:00 Тренажер [Массажная кровать 2].'),(802,'2015-03-09 16:16:13','Клиент с ID [81] записан на 09.03.2015 13:30 Тренажер [Массажная подушка].'),(803,'2015-03-09 16:16:25','Клиент с ID [81] записан на 09.03.2015 13:45 Тренажер [Пояс для похудения].'),(804,'2015-03-09 16:16:44','Клиент с ID [81] записан на 09.03.2015 14:00 Тренажер [Инфракрасные сапоги].');
/*!40000 ALTER TABLE `log` ENABLE KEYS */;
UNLOCK TABLES;

--
-- Table structure for table `payment`
--

DROP TABLE IF EXISTS `payment`;
/*!40101 SET @saved_cs_client     = @@character_set_client */;
/*!40101 SET character_set_client = utf8 */;
CREATE TABLE `payment` (
  `Id` int(11) NOT NULL AUTO_INCREMENT,
  `Subscription_Id` int(11) NOT NULL,
  `Paid` bit(1) NOT NULL DEFAULT b'0',
  `Payment_Date` date NOT NULL,
  `Sum` varchar(45) NOT NULL,
  PRIMARY KEY (`Id`),
  KEY `Payment_Subscription_idx` (`Subscription_Id`),
  CONSTRAINT `Payment_Subscription` FOREIGN KEY (`Subscription_Id`) REFERENCES `subscription` (`Id`) ON DELETE NO ACTION ON UPDATE NO ACTION
) ENGINE=InnoDB AUTO_INCREMENT=5 DEFAULT CHARSET=utf8 COMMENT='Оплата абонеменов';
/*!40101 SET character_set_client = @saved_cs_client */;

--
-- Dumping data for table `payment`
--

LOCK TABLES `payment` WRITE;
/*!40000 ALTER TABLE `payment` DISABLE KEYS */;
INSERT INTO `payment` VALUES (1,5,'\0','2013-03-05','234'),(2,7,'','2015-03-09','10000'),(3,7,'\0','2015-04-09','10000'),(4,7,'\0','2015-05-09','15000');
/*!40000 ALTER TABLE `payment` ENABLE KEYS */;
UNLOCK TABLES;

--
-- Table structure for table `personal_data`
--

DROP TABLE IF EXISTS `personal_data`;
/*!40101 SET @saved_cs_client     = @@character_set_client */;
/*!40101 SET character_set_client = utf8 */;
CREATE TABLE `personal_data` (
  `id` int(11) NOT NULL AUTO_INCREMENT,
  `First_Name` varchar(60) NOT NULL,
  `Middle_Name` varchar(60) DEFAULT NULL,
  `Last_Name` varchar(60) NOT NULL,
  `Birthday` date DEFAULT NULL,
  `Phone1` varchar(20) DEFAULT NULL,
  `Phone2` varchar(20) DEFAULT NULL,
  `Contract_Number` varchar(45) DEFAULT NULL,
  `Active` bit(1) NOT NULL DEFAULT b'0',
  `Note` varchar(500) DEFAULT NULL COMMENT 'Примечание',
  `Ambry_Id` int(11) DEFAULT NULL,
  PRIMARY KEY (`id`),
  UNIQUE KEY `id_UNIQUE` (`id`),
  KEY `PERSONAL_DATA_AMBRY_idx` (`Ambry_Id`),
  CONSTRAINT `PERSONAL_DATA_AMBRY` FOREIGN KEY (`Ambry_Id`) REFERENCES `ambry` (`Id`) ON DELETE NO ACTION ON UPDATE NO ACTION
) ENGINE=InnoDB AUTO_INCREMENT=82 DEFAULT CHARSET=utf8;
/*!40101 SET character_set_client = @saved_cs_client */;

--
-- Dumping data for table `personal_data`
--

LOCK TABLES `personal_data` WRITE;
/*!40000 ALTER TABLE `personal_data` DISABLE KEYS */;
INSERT INTO `personal_data` VALUES (73,'Татьяна2','Ларионовна2','Иванова2',NULL,'','','12321','','',NULL),(74,'Валерия','Викторовна','Петрова',NULL,'','','23432','','',NULL),(75,'Ольга','Ивановна','Кулачкова',NULL,'','','124324','','',NULL),(76,'1','11','11',NULL,'','','111','','',NULL),(77,'123','','123',NULL,'','','','','',NULL),(78,'Надежда','Викторовна','Петрова',NULL,'','','','','',NULL),(79,'','','',NULL,'','','','','',NULL),(80,'2','2','2','2015-02-04','44','44','435345','','4354',NULL),(81,'Алексей','Александрович','Смирнов','1989-12-30','89159769112','224012','0001','','',NULL);
/*!40000 ALTER TABLE `personal_data` ENABLE KEYS */;
UNLOCK TABLES;

--
-- Table structure for table `simulator`
--

DROP TABLE IF EXISTS `simulator`;
/*!40101 SET @saved_cs_client     = @@character_set_client */;
/*!40101 SET character_set_client = utf8 */;
CREATE TABLE `simulator` (
  `Id` int(11) NOT NULL AUTO_INCREMENT,
  `Name` varchar(100) NOT NULL,
  `Duration_Type` int(11) NOT NULL,
  `Cost` float NOT NULL,
  `Note` varchar(100) DEFAULT NULL,
  PRIMARY KEY (`Id`)
) ENGINE=InnoDB AUTO_INCREMENT=17 DEFAULT CHARSET=utf8 COMMENT='Тренажеры';
/*!40101 SET character_set_client = @saved_cs_client */;

--
-- Dumping data for table `simulator`
--

LOCK TABLES `simulator` WRITE;
/*!40000 ALTER TABLE `simulator` DISABLE KEYS */;
INSERT INTO `simulator` VALUES (1,'Ролик 1',1,1,'Продолжительность 25 минут'),(2,'Прессотерапия',1,1,'Продолжительность 25 минут'),(3,'ИК тепло',1,0.5,'Продолжительность 50 минут'),(4,'Массажная кровать 1',1,1,'Продолжительность 30 минут'),(5,'Велоэргометр',1,1,'Продолжительность 30 минут'),(6,'Беговая дорожка',1,1,'Продолжительность 30 минут'),(7,'Эллипсоид',1,1,'Продолжительность 30 минут'),(8,'Виброплатформа',0,1,'Продолжительность 10 минут'),(9,'Массажер для ног',0,0.5,'Продолжительность 15 минут'),(10,'Очки',0,0.5,'Продолжительность 15 минут'),(11,'Варежки',0,0.5,'Продолжительность 15 минут'),(12,'Ролик 2',1,1,'Продолжительность 25 минут'),(13,'Массажная кровать 2',1,1,'Продолжительность 30 минут'),(14,'Массажная подушка',0,0.5,'Продолжительность 15 минут'),(15,'Пояс для похудения',0,0.5,'Продолжительность 15 минут'),(16,'Инфракрасные сапоги',0,0.5,'Продолжительность 15 минут');
/*!40000 ALTER TABLE `simulator` ENABLE KEYS */;
UNLOCK TABLES;

--
-- Table structure for table `subscription`
--

DROP TABLE IF EXISTS `subscription`;
/*!40101 SET @saved_cs_client     = @@character_set_client */;
/*!40101 SET character_set_client = utf8 */;
CREATE TABLE `subscription` (
  `Id` int(11) NOT NULL AUTO_INCREMENT,
  `Subscription_Number` varchar(45) DEFAULT NULL,
  `Period` int(11) NOT NULL,
  `Type` bit(1) NOT NULL DEFAULT b'0',
  `State` bit(1) NOT NULL DEFAULT b'1',
  `Date_From` date NOT NULL,
  `Date_To` date DEFAULT NULL,
  `Participation_Number` float DEFAULT NULL,
  `Participation_Number_Present` float DEFAULT NULL,
  `Reason_Reject` varchar(300) DEFAULT NULL,
  `Personal_Data_Id` int(11) DEFAULT NULL,
  PRIMARY KEY (`Id`),
  UNIQUE KEY `Subscription_Number_UNIQUE` (`Subscription_Number`),
  KEY `Subscription_Personal_Data_idx` (`Personal_Data_Id`),
  CONSTRAINT `Subscription_Personal_Data` FOREIGN KEY (`Personal_Data_Id`) REFERENCES `personal_data` (`id`) ON DELETE NO ACTION ON UPDATE NO ACTION
) ENGINE=InnoDB AUTO_INCREMENT=8 DEFAULT CHARSET=utf8 COMMENT='Абонементы';
/*!40101 SET character_set_client = @saved_cs_client */;

--
-- Dumping data for table `subscription`
--

LOCK TABLES `subscription` WRITE;
/*!40000 ALTER TABLE `subscription` DISABLE KEYS */;
INSERT INTO `subscription` VALUES (1,'12312',4,'','','2013-03-01',NULL,-2,NULL,NULL,76),(2,'',0,'\0','\0','2013-03-01',NULL,1,NULL,NULL,73),(4,NULL,0,'\0','\0','2013-03-01',NULL,11,1,NULL,75),(5,'234',1,'\0','','2013-03-01',NULL,NULL,NULL,NULL,77),(6,'123',1,'\0','','2013-03-01',NULL,NULL,NULL,NULL,78),(7,'0001',3,'','','2015-03-09',NULL,20,NULL,NULL,81);
/*!40000 ALTER TABLE `subscription` ENABLE KEYS */;
UNLOCK TABLES;

--
-- Table structure for table `time_table`
--

DROP TABLE IF EXISTS `time_table`;
/*!40101 SET @saved_cs_client     = @@character_set_client */;
/*!40101 SET character_set_client = utf8 */;
CREATE TABLE `time_table` (
  `Id` int(11) NOT NULL AUTO_INCREMENT,
  `Date` date NOT NULL,
  `Time` varchar(45) NOT NULL,
  `Simulator_Id` int(11) NOT NULL,
  `Personal_Data_Id` int(11) NOT NULL,
  `Note` varchar(100) DEFAULT NULL,
  `Printed_Act` bit(1) DEFAULT b'0',
  PRIMARY KEY (`Id`),
  UNIQUE KEY `Id_UNIQUE` (`Id`),
  KEY `TIME_TABLE_SUBSCRIPTION_idx` (`Simulator_Id`),
  KEY `TIME_TABLE_PERSONAL_DATA_idx` (`Personal_Data_Id`),
  CONSTRAINT `TIME_TABLE_PERSONAL_DATA` FOREIGN KEY (`Personal_Data_Id`) REFERENCES `personal_data` (`id`) ON DELETE NO ACTION ON UPDATE NO ACTION,
  CONSTRAINT `TIME_TABLE_SIMULATOR` FOREIGN KEY (`Simulator_Id`) REFERENCES `simulator` (`Id`) ON DELETE NO ACTION ON UPDATE NO ACTION
) ENGINE=InnoDB AUTO_INCREMENT=218 DEFAULT CHARSET=utf8 COMMENT='Расписание тренажеров';
/*!40101 SET character_set_client = @saved_cs_client */;

--
-- Dumping data for table `time_table`
--

LOCK TABLES `time_table` WRITE;
/*!40000 ALTER TABLE `time_table` DISABLE KEYS */;
INSERT INTO `time_table` VALUES (186,'2013-03-03','8:00',2,76,NULL,''),(187,'2013-03-03','9:00',4,76,NULL,''),(190,'2013-03-03','8:00',4,73,NULL,''),(191,'2013-03-03','9:30',7,78,NULL,'\0'),(192,'2013-03-03','10:00',3,78,NULL,'\0'),(193,'2013-03-04','8:00',3,76,NULL,'\0'),(194,'2013-03-03','9:00',3,76,NULL,''),(195,'2013-03-03','9:30',3,76,NULL,''),(198,'2013-12-08','8:15',8,75,NULL,''),(200,'2013-12-08','8:45',8,78,NULL,'\0'),(201,'2015-03-04','10:30',1,76,NULL,''),(202,'2015-03-09','8:00',1,81,NULL,'\0'),(203,'2015-03-09','8:30',2,81,NULL,'\0'),(204,'2015-03-09','9:00',3,81,NULL,'\0'),(205,'2015-03-09','9:30',4,81,NULL,'\0'),(206,'2015-03-09','10:00',5,81,NULL,'\0'),(207,'2015-03-09','10:30',6,81,NULL,'\0'),(208,'2015-03-09','11:00',7,81,NULL,'\0'),(209,'2015-03-09','11:30',8,81,NULL,'\0'),(210,'2015-03-09','11:45',9,81,NULL,'\0'),(211,'2015-03-09','12:00',10,81,NULL,'\0'),(212,'2015-03-09','12:15',11,81,NULL,'\0'),(213,'2015-03-09','12:30',12,81,NULL,'\0'),(214,'2015-03-09','13:00',13,81,NULL,'\0'),(215,'2015-03-09','13:30',14,81,NULL,'\0'),(216,'2015-03-09','13:45',15,81,NULL,'\0'),(217,'2015-03-09','14:00',16,81,NULL,'\0');
/*!40000 ALTER TABLE `time_table` ENABLE KEYS */;
UNLOCK TABLES;
/*!40103 SET TIME_ZONE=@OLD_TIME_ZONE */;

/*!40101 SET SQL_MODE=@OLD_SQL_MODE */;
/*!40014 SET FOREIGN_KEY_CHECKS=@OLD_FOREIGN_KEY_CHECKS */;
/*!40014 SET UNIQUE_CHECKS=@OLD_UNIQUE_CHECKS */;
/*!40101 SET CHARACTER_SET_CLIENT=@OLD_CHARACTER_SET_CLIENT */;
/*!40101 SET CHARACTER_SET_RESULTS=@OLD_CHARACTER_SET_RESULTS */;
/*!40101 SET COLLATION_CONNECTION=@OLD_COLLATION_CONNECTION */;
/*!40111 SET SQL_NOTES=@OLD_SQL_NOTES */;

-- Dump completed on 2015-03-09 15:19:08
